Point,Feature name,"Importance, %"
Точка продаж 23,day_of_week,6.977976863703542
Точка продаж 23,day_of_year,12.864950273075674
Точка продаж 23,day,8.458859999276108
Точка продаж 23,month,0.0
Точка продаж 23,hour,5.158030827628687
Точка продаж 23,minutes,0.6818573914303836
Точка продаж 23,mean_revenue,0.0
Точка продаж 23,is_weekend,0.0
Точка продаж 23,SVO_temp,7.547756656156944
Точка продаж 23,SVO_wind,2.4706455622877654
Точка продаж 23,SVO_visibility,0.21783560290721773
Точка продаж 23,SVO_sky_coverage,3.4281023298536093
Точка продаж 23,int_point,0.0
Точка продаж 23,count_flights,0.35810608538497796
Точка продаж 23,count_B_flights,2.997104356995594
Точка продаж 23,count_C_flights,2.9268549013723777
Точка продаж 23,count_SU_flights,2.8901346430696617
Точка продаж 23,count_FV_flights,1.7367255637530914
Точка продаж 23,count_domestic_flights,3.9347902094221174
Точка продаж 23,count_international_flights,2.287659573981589
Точка продаж 23,calc_sum_seats,0.34505987501438734
Точка продаж 23,calc_sum_seats_c,1.4437700828290467
Точка продаж 23,calc_sum_seats_w,1.3230883090153143
Точка продаж 23,calc_sum_seats_y,1.067362293233014
Точка продаж 23,calc_avg_distance,2.9711763725206866
Точка продаж 23,calc_avg_temp,1.5059996674692693
Точка продаж 23,calc_avg_lat,5.779792009828718
Точка продаж 23,calc_avg_lon,3.586036641648731
Точка продаж 23,calc_avg_boarding_time,2.6803228759804933
Точка продаж 23,calc_avg_delay_time,2.3305325953738145
Точка продаж 23,calc_avg_departure_gate,0.714696509259962
Точка продаж 23,calc_min_departure_gate,1.2812803712536331
Точка продаж 23,calc_max_departure_gate,7.305787880375914
Точка продаж 23,calc_elev1C_departure_gate,0.11314457947792025
Точка продаж 23,calc_elev2C_departure_gate,0.0
Точка продаж 23,calc_elev3C_departure_gate,0.5006379438543778
Точка продаж 23,calc_elev1B_departure_gate,1.1510971315977936
Точка продаж 23,calc_elev2B_departure_gate,0.9628240209675847
Точка продаж 23,calc_elev3B_departure_gate,0.0
Точка продаж 12,day_of_week,2.1929331954214915
Точка продаж 12,day_of_year,1.5271452272976358
Точка продаж 12,day,2.475216927503114
Точка продаж 12,month,0.0
Точка продаж 12,hour,22.487170143312266
Точка продаж 12,minutes,0.6765733918230493
Точка продаж 12,mean_revenue,0.0
Точка продаж 12,is_weekend,0.3336824793015175
Точка продаж 12,SVO_temp,5.982884333535374
Точка продаж 12,SVO_wind,0.5145528703614897
Точка продаж 12,SVO_visibility,0.18508540974402515
Точка продаж 12,SVO_sky_coverage,0.7236634121379004
Точка продаж 12,int_point,0.0
Точка продаж 12,count_flights,0.8363145251522648
Точка продаж 12,count_B_flights,1.3523632273859005
Точка продаж 12,count_C_flights,1.1536134112407355
Точка продаж 12,count_SU_flights,0.8797917059862651
Точка продаж 12,count_FV_flights,0.9349446961708633
Точка продаж 12,count_domestic_flights,0.2070521060992395
Точка продаж 12,count_international_flights,2.4881609931921584
Точка продаж 12,calc_sum_seats,6.085001438205432
Точка продаж 12,calc_sum_seats_c,3.8361645991732427
Точка продаж 12,calc_sum_seats_w,5.711950708538456
Точка продаж 12,calc_sum_seats_y,2.7353009928618643
Точка продаж 12,calc_avg_distance,2.3500071621112246
Точка продаж 12,calc_avg_temp,3.863634683657409
Точка продаж 12,calc_avg_lat,2.4717486871130534
Точка продаж 12,calc_avg_lon,3.196624915069671
Точка продаж 12,calc_avg_boarding_time,6.29360522121245
Точка продаж 12,calc_avg_delay_time,3.9077170291100205
Точка продаж 12,calc_avg_departure_gate,4.941474636379688
Точка продаж 12,calc_min_departure_gate,0.8867402622142322
Точка продаж 12,calc_max_departure_gate,1.7700373466448722
Точка продаж 12,calc_elev1C_departure_gate,0.0
Точка продаж 12,calc_elev2C_departure_gate,0.24367375433367017
Точка продаж 12,calc_elev3C_departure_gate,1.1904215259189799
Точка продаж 12,calc_elev1B_departure_gate,2.7799245374663637
Точка продаж 12,calc_elev2B_departure_gate,0.7915960444213306
Точка продаж 12,calc_elev3B_departure_gate,1.993228399902744
Точка продаж 3,day_of_week,2.595212912795055
Точка продаж 3,day_of_year,2.3070245504463425
Точка продаж 3,day,0.5122315702107608
Точка продаж 3,month,0.0
Точка продаж 3,hour,27.862125557366028
Точка продаж 3,minutes,1.0317297863742938
Точка продаж 3,mean_revenue,0.0
Точка продаж 3,is_weekend,0.0
Точка продаж 3,SVO_temp,5.561257426688764
Точка продаж 3,SVO_wind,0.3404682499676145
Точка продаж 3,SVO_visibility,0.0
Точка продаж 3,SVO_sky_coverage,1.8856250863333741
Точка продаж 3,int_point,0.0
Точка продаж 3,count_flights,0.49917980701459275
Точка продаж 3,count_B_flights,6.997781406276889
Точка продаж 3,count_C_flights,3.0141904795305723
Точка продаж 3,count_SU_flights,2.4519354264354036
Точка продаж 3,count_FV_flights,0.021514232671650913
Точка продаж 3,count_domestic_flights,0.9881718223127907
Точка продаж 3,count_international_flights,2.8992507672039864
Точка продаж 3,calc_sum_seats,2.530230853665961
Точка продаж 3,calc_sum_seats_c,4.506637377041965
Точка продаж 3,calc_sum_seats_w,3.5063016157552176
Точка продаж 3,calc_sum_seats_y,4.216355271275444
Точка продаж 3,calc_avg_distance,0.25884025322269055
Точка продаж 3,calc_avg_temp,6.280601025618982
Точка продаж 3,calc_avg_lat,1.1365372165403465
Точка продаж 3,calc_avg_lon,2.5541898317284653
Точка продаж 3,calc_avg_boarding_time,5.875333883078222
Точка продаж 3,calc_avg_delay_time,0.459464529906635
Точка продаж 3,calc_avg_departure_gate,1.2433934019217594
Точка продаж 3,calc_min_departure_gate,0.128645160366996
Точка продаж 3,calc_max_departure_gate,0.9729227434299415
Точка продаж 3,calc_elev1C_departure_gate,0.0
Точка продаж 3,calc_elev2C_departure_gate,0.19613743443318307
Точка продаж 3,calc_elev3C_departure_gate,0.21876335952383583
Точка продаж 3,calc_elev1B_departure_gate,4.5330717254432
Точка продаж 3,calc_elev2B_departure_gate,0.3392174866801285
Точка продаж 3,calc_elev3B_departure_gate,2.075657748738928
Точка продаж 28,day_of_week,6.572395208329564
Точка продаж 28,day_of_year,2.0530632166221934
Точка продаж 28,day,4.136887112597405
Точка продаж 28,month,0.0
Точка продаж 28,hour,24.762308709474972
Точка продаж 28,minutes,0.7062350028965959
Точка продаж 28,mean_revenue,0.0
Точка продаж 28,is_weekend,1.205300279247673
Точка продаж 28,SVO_temp,2.5704750815288673
Точка продаж 28,SVO_wind,1.4975040564635285
Точка продаж 28,SVO_visibility,0.005674695009684795
Точка продаж 28,SVO_sky_coverage,0.17858321550081022
Точка продаж 28,int_point,0.0
Точка продаж 28,count_flights,2.8546774914909463
Точка продаж 28,count_B_flights,0.5762164435361288
Точка продаж 28,count_C_flights,3.4517422436381953
Точка продаж 28,count_SU_flights,0.3648347278981515
Точка продаж 28,count_FV_flights,0.8664586549058731
Точка продаж 28,count_domestic_flights,2.2003488477752278
Точка продаж 28,count_international_flights,7.5898996191702
Точка продаж 28,calc_sum_seats,2.272397707006916
Точка продаж 28,calc_sum_seats_c,2.9876140492435987
Точка продаж 28,calc_sum_seats_w,1.274487470810375
Точка продаж 28,calc_sum_seats_y,1.0932237034268255
Точка продаж 28,calc_avg_distance,2.067572507688776
Точка продаж 28,calc_avg_temp,0.8451844081785126
Точка продаж 28,calc_avg_lat,2.8213986185587148
Точка продаж 28,calc_avg_lon,2.2858459180989823
Точка продаж 28,calc_avg_boarding_time,8.119381359234023
Точка продаж 28,calc_avg_delay_time,3.2348128486045695
Точка продаж 28,calc_avg_departure_gate,4.801385986788571
Точка продаж 28,calc_min_departure_gate,0.7469728932785428
Точка продаж 28,calc_max_departure_gate,2.924114421907891
Точка продаж 28,calc_elev1C_departure_gate,0.0
Точка продаж 28,calc_elev2C_departure_gate,0.3278010110839019
Точка продаж 28,calc_elev3C_departure_gate,0.7520441925149002
Точка продаж 28,calc_elev1B_departure_gate,0.5418047841873986
Точка продаж 28,calc_elev2B_departure_gate,0.2838121705425591
Точка продаж 28,calc_elev3B_departure_gate,1.0275413427589746
Точка продаж 22,day_of_week,3.0543053466985586
Точка продаж 22,day_of_year,6.6137394818409785
Точка продаж 22,day,3.844113506176408
Точка продаж 22,month,0.0
Точка продаж 22,hour,11.729030874997918
Точка продаж 22,minutes,2.11735967547285
Точка продаж 22,mean_revenue,0.0
Точка продаж 22,is_weekend,1.0048366864617697
Точка продаж 22,SVO_temp,6.894643278014202
Точка продаж 22,SVO_wind,1.3946697564258472
Точка продаж 22,SVO_visibility,0.258687197540033
Точка продаж 22,SVO_sky_coverage,1.4492936461782577
Точка продаж 22,int_point,0.0
Точка продаж 22,count_flights,2.0636384098029756
Точка продаж 22,count_B_flights,3.681519658133078
Точка продаж 22,count_C_flights,2.4113300940555256
Точка продаж 22,count_SU_flights,1.3851797820537146
Точка продаж 22,count_FV_flights,1.0228108602368635
Точка продаж 22,count_domestic_flights,0.829734942897378
Точка продаж 22,count_international_flights,1.5596973595194685
Точка продаж 22,calc_sum_seats,1.7100352498448212
Точка продаж 22,calc_sum_seats_c,3.0328616178954224
Точка продаж 22,calc_sum_seats_w,2.1704328634311043
Точка продаж 22,calc_sum_seats_y,4.846197010262887
Точка продаж 22,calc_avg_distance,0.9274535473533121
Точка продаж 22,calc_avg_temp,4.978283666563196
Точка продаж 22,calc_avg_lat,1.696051178297921
Точка продаж 22,calc_avg_lon,4.6197342450867716
Точка продаж 22,calc_avg_boarding_time,9.97241283636297
Точка продаж 22,calc_avg_delay_time,1.970801624955218
Точка продаж 22,calc_avg_departure_gate,3.8562421500044546
Точка продаж 22,calc_min_departure_gate,1.4354913621274095
Точка продаж 22,calc_max_departure_gate,1.5186864826442512
Точка продаж 22,calc_elev1C_departure_gate,0.0
Точка продаж 22,calc_elev2C_departure_gate,0.5633652689819544
Точка продаж 22,calc_elev3C_departure_gate,0.26726352656167685
Точка продаж 22,calc_elev1B_departure_gate,0.5108114906113763
Точка продаж 22,calc_elev2B_departure_gate,2.8790338846243313
Точка продаж 22,calc_elev3B_departure_gate,1.7302514378850726
Точка продаж 13,day_of_week,3.101124752357179
Точка продаж 13,day_of_year,3.294733891420536
Точка продаж 13,day,4.737846268473344
Точка продаж 13,month,0.0
Точка продаж 13,hour,9.91322755902963
Точка продаж 13,minutes,3.5210322589519625
Точка продаж 13,mean_revenue,0.0
Точка продаж 13,is_weekend,2.6822432436618566
Точка продаж 13,SVO_temp,1.710951295098611
Точка продаж 13,SVO_wind,4.049750533926272
Точка продаж 13,SVO_visibility,0.0
Точка продаж 13,SVO_sky_coverage,0.11555983001151947
Точка продаж 13,int_point,0.0
Точка продаж 13,count_flights,1.3066233480841385
Точка продаж 13,count_B_flights,1.8065946319699715
Точка продаж 13,count_C_flights,2.000487915199243
Точка продаж 13,count_SU_flights,0.17615930947971642
Точка продаж 13,count_FV_flights,1.3650341301804478
Точка продаж 13,count_domestic_flights,1.9984677179820134
Точка продаж 13,count_international_flights,2.104325052222588
Точка продаж 13,calc_sum_seats,4.223120027444647
Точка продаж 13,calc_sum_seats_c,1.9187696392179252
Точка продаж 13,calc_sum_seats_w,4.64689174255029
Точка продаж 13,calc_sum_seats_y,2.477094818139511
Точка продаж 13,calc_avg_distance,3.8748293723531053
Точка продаж 13,calc_avg_temp,1.1527740123052106
Точка продаж 13,calc_avg_lat,3.314240370312609
Точка продаж 13,calc_avg_lon,5.643777585021085
Точка продаж 13,calc_avg_boarding_time,7.371294175986592
Точка продаж 13,calc_avg_delay_time,5.681440729728842
Точка продаж 13,calc_avg_departure_gate,5.24228559625895
Точка продаж 13,calc_min_departure_gate,0.4443161616764599
Точка продаж 13,calc_max_departure_gate,4.566167290285984
Точка продаж 13,calc_elev1C_departure_gate,0.0
Точка продаж 13,calc_elev2C_departure_gate,0.5417441628131053
Точка продаж 13,calc_elev3C_departure_gate,0.9719171145930678
Точка продаж 13,calc_elev1B_departure_gate,1.1290185175965641
Точка продаж 13,calc_elev2B_departure_gate,0.8133343475161371
Точка продаж 13,calc_elev3B_departure_gate,2.1028225981508837
Точка продаж 8,day_of_week,2.242803096279702
Точка продаж 8,day_of_year,2.580217655336408
Точка продаж 8,day,14.740700832183204
Точка продаж 8,month,0.0
Точка продаж 8,hour,17.275701450097692
Точка продаж 8,minutes,0.8573265244094226
Точка продаж 8,mean_revenue,0.0
Точка продаж 8,is_weekend,0.1704164068318587
Точка продаж 8,SVO_temp,2.5357624717056892
Точка продаж 8,SVO_wind,1.7919519302013802
Точка продаж 8,SVO_visibility,0.2915078030292998
Точка продаж 8,SVO_sky_coverage,1.1565922857139472
Точка продаж 8,int_point,0.0
Точка продаж 8,count_flights,5.048965403999498
Точка продаж 8,count_B_flights,0.7512629376703263
Точка продаж 8,count_C_flights,0.783065769694217
Точка продаж 8,count_SU_flights,0.9545848440665592
Точка продаж 8,count_FV_flights,1.95533286100341
Точка продаж 8,count_domestic_flights,0.8619487577911016
Точка продаж 8,count_international_flights,1.9584377404837994
Точка продаж 8,calc_sum_seats,1.2719649352821336
Точка продаж 8,calc_sum_seats_c,3.1987780989636434
Точка продаж 8,calc_sum_seats_w,0.7958884759958779
Точка продаж 8,calc_sum_seats_y,2.238695756641089
Точка продаж 8,calc_avg_distance,0.9598556699257699
Точка продаж 8,calc_avg_temp,5.76354307669733
Точка продаж 8,calc_avg_lat,2.4040600240245364
Точка продаж 8,calc_avg_lon,2.069053977059758
Точка продаж 8,calc_avg_boarding_time,13.464702540673617
Точка продаж 8,calc_avg_delay_time,2.6751593736929373
Точка продаж 8,calc_avg_departure_gate,3.2210232147285214
Точка продаж 8,calc_min_departure_gate,0.5964482667121289
Точка продаж 8,calc_max_departure_gate,0.3848293489487457
Точка продаж 8,calc_elev1C_departure_gate,0.36635537903422705
Точка продаж 8,calc_elev2C_departure_gate,0.38431737110498976
Точка продаж 8,calc_elev3C_departure_gate,0.9056132494564373
Точка продаж 8,calc_elev1B_departure_gate,1.064216366114552
Точка продаж 8,calc_elev2B_departure_gate,1.5928075178174024
Точка продаж 8,calc_elev3B_departure_gate,0.6861085866287934
Точка продаж 16,day_of_week,6.016229059298937
Точка продаж 16,day_of_year,0.5320356598524919
Точка продаж 16,day,1.5599043973291182
Точка продаж 16,month,0.0
Точка продаж 16,hour,21.013037803311402
Точка продаж 16,minutes,0.9175558897523194
Точка продаж 16,mean_revenue,0.0
Точка продаж 16,is_weekend,0.0
Точка продаж 16,SVO_temp,4.375429747720404
Точка продаж 16,SVO_wind,1.2056234759146864
Точка продаж 16,SVO_visibility,0.13089325578053365
Точка продаж 16,SVO_sky_coverage,0.14912879538786117
Точка продаж 16,int_point,0.0
Точка продаж 16,count_flights,1.9320702838934263
Точка продаж 16,count_B_flights,3.2605826470899446
Точка продаж 16,count_C_flights,3.8686579356405932
Точка продаж 16,count_SU_flights,0.47393844396348583
Точка продаж 16,count_FV_flights,1.6668707011125925
Точка продаж 16,count_domestic_flights,3.506220296526582
Точка продаж 16,count_international_flights,3.8666544762474366
Точка продаж 16,calc_sum_seats,4.039819680992069
Точка продаж 16,calc_sum_seats_c,1.671281691245183
Точка продаж 16,calc_sum_seats_w,5.894368359012117
Точка продаж 16,calc_sum_seats_y,1.9827668528620248
Точка продаж 16,calc_avg_distance,2.161002146369591
Точка продаж 16,calc_avg_temp,4.048885634444712
Точка продаж 16,calc_avg_lat,1.4205962536340504
Точка продаж 16,calc_avg_lon,1.2346733116467055
Точка продаж 16,calc_avg_boarding_time,3.8346875485941654
Точка продаж 16,calc_avg_delay_time,4.096389686108045
Точка продаж 16,calc_avg_departure_gate,4.593551690195803
Точка продаж 16,calc_min_departure_gate,0.9319680850728742
Точка продаж 16,calc_max_departure_gate,3.17947448436926
Точка продаж 16,calc_elev1C_departure_gate,0.0
Точка продаж 16,calc_elev2C_departure_gate,0.0
Точка продаж 16,calc_elev3C_departure_gate,0.7697922425117043
Точка продаж 16,calc_elev1B_departure_gate,2.67662299779482
Точка продаж 16,calc_elev2B_departure_gate,0.6631932412635874
Точка продаж 16,calc_elev3B_departure_gate,2.326093225061479
Точка продаж 1,day_of_week,6.908902216949249
Точка продаж 1,day_of_year,0.3998850560052369
Точка продаж 1,day,0.7985616083802355
Точка продаж 1,month,0.0
Точка продаж 1,hour,4.593051246997113
Точка продаж 1,minutes,11.22523277536049
Точка продаж 1,mean_revenue,0.0
Точка продаж 1,is_weekend,0.0
Точка продаж 1,SVO_temp,0.7327295441311118
Точка продаж 1,SVO_wind,4.537827115458299
Точка продаж 1,SVO_visibility,0.15711700193322956
Точка продаж 1,SVO_sky_coverage,1.6538700128201258
Точка продаж 1,int_point,0.0
Точка продаж 1,count_flights,0.6527657701993171
Точка продаж 1,count_B_flights,3.1387282352969628
Точка продаж 1,count_C_flights,3.571502194160731
Точка продаж 1,count_SU_flights,0.09268135741075983
Точка продаж 1,count_FV_flights,1.6839868829059168
Точка продаж 1,count_domestic_flights,2.6972959589218233
Точка продаж 1,count_international_flights,0.30683305836781416
Точка продаж 1,calc_sum_seats,0.6588639162971475
Точка продаж 1,calc_sum_seats_c,2.2245846701978307
Точка продаж 1,calc_sum_seats_w,1.5936321538591356
Точка продаж 1,calc_sum_seats_y,2.966284140669532
Точка продаж 1,calc_avg_distance,3.3160675729843687
Точка продаж 1,calc_avg_temp,2.220282704833978
Точка продаж 1,calc_avg_lat,2.4923846591963246
Точка продаж 1,calc_avg_lon,3.730921589341706
Точка продаж 1,calc_avg_boarding_time,4.0092848541342665
Точка продаж 1,calc_avg_delay_time,8.692320666808824
Точка продаж 1,calc_avg_departure_gate,3.4269576043338774
Точка продаж 1,calc_min_departure_gate,0.12540336309527247
Точка продаж 1,calc_max_departure_gate,13.217103538774893
Точка продаж 1,calc_elev1C_departure_gate,0.0
Точка продаж 1,calc_elev2C_departure_gate,0.5836511793595467
Точка продаж 1,calc_elev3C_departure_gate,0.635275339321893
Точка продаж 1,calc_elev1B_departure_gate,0.2332154529583257
Точка продаж 1,calc_elev2B_departure_gate,3.8291079623993793
Точка продаж 1,calc_elev3B_departure_gate,2.8936885961352927
Точка продаж 7,day_of_week,3.03151396651837
Точка продаж 7,day_of_year,2.428451223098965
Точка продаж 7,day,3.2323582488469933
Точка продаж 7,month,0.0
Точка продаж 7,hour,14.70265828509085
Точка продаж 7,minutes,2.074780905325093
Точка продаж 7,mean_revenue,0.0
Точка продаж 7,is_weekend,0.0
Точка продаж 7,SVO_temp,8.883391011912282
Точка продаж 7,SVO_wind,3.2704863701198024
Точка продаж 7,SVO_visibility,0.06695150934637344
Точка продаж 7,SVO_sky_coverage,1.0284151093421365
Точка продаж 7,int_point,0.0
Точка продаж 7,count_flights,2.470918240846194
Точка продаж 7,count_B_flights,1.0244818019573803
Точка продаж 7,count_C_flights,5.30772836458451
Точка продаж 7,count_SU_flights,0.4251671564848962
Точка продаж 7,count_FV_flights,0.4466208898912955
Точка продаж 7,count_domestic_flights,4.6702063401878045
Точка продаж 7,count_international_flights,2.862990520297139
Точка продаж 7,calc_sum_seats,0.0
Точка продаж 7,calc_sum_seats_c,4.988325910554022
Точка продаж 7,calc_sum_seats_w,2.26816991963056
Точка продаж 7,calc_sum_seats_y,1.4330524245799598
Точка продаж 7,calc_avg_distance,1.950087861736497
Точка продаж 7,calc_avg_temp,1.0417471799020017
Точка продаж 7,calc_avg_lat,2.3466721808380706
Точка продаж 7,calc_avg_lon,11.680055179645997
Точка продаж 7,calc_avg_boarding_time,1.2170458975907956
Точка продаж 7,calc_avg_delay_time,6.722891807294993
Точка продаж 7,calc_avg_departure_gate,5.687347008919689
Точка продаж 7,calc_min_departure_gate,1.2649942751637977
Точка продаж 7,calc_max_departure_gate,0.4048765132185586
Точка продаж 7,calc_elev1C_departure_gate,0.0
Точка продаж 7,calc_elev2C_departure_gate,0.037719133355731606
Точка продаж 7,calc_elev3C_departure_gate,0.6542982153059
Точка продаж 7,calc_elev1B_departure_gate,0.3108234015961054
Точка продаж 7,calc_elev2B_departure_gate,1.4146686915564897
Точка продаж 7,calc_elev3B_departure_gate,0.6501044552607476
Точка продаж 10,day_of_week,2.64392059393258
Точка продаж 10,day_of_year,1.7837554626113672
Точка продаж 10,day,1.3199413326602558
Точка продаж 10,month,0.0
Точка продаж 10,hour,34.97387040752984
Точка продаж 10,minutes,0.8192282544239008
Точка продаж 10,mean_revenue,0.0
Точка продаж 10,is_weekend,0.11995194795083043
Точка продаж 10,SVO_temp,3.68027152261923
Точка продаж 10,SVO_wind,2.307012600538458
Точка продаж 10,SVO_visibility,0.20137070811548888
Точка продаж 10,SVO_sky_coverage,1.510962097098219
Точка продаж 10,int_point,0.0
Точка продаж 10,count_flights,0.8829226196535056
Точка продаж 10,count_B_flights,0.5766077361361778
Точка продаж 10,count_C_flights,0.85017373005172
Точка продаж 10,count_SU_flights,1.1977013808892911
Точка продаж 10,count_FV_flights,1.445711672878705
Точка продаж 10,count_domestic_flights,0.7169375179631321
Точка продаж 10,count_international_flights,1.0870930832994958
Точка продаж 10,calc_sum_seats,1.0834276380963987
Точка продаж 10,calc_sum_seats_c,3.0463872087627215
Точка продаж 10,calc_sum_seats_w,2.072345426307159
Точка продаж 10,calc_sum_seats_y,3.9735638838168836
Точка продаж 10,calc_avg_distance,2.3538031944860998
Точка продаж 10,calc_avg_temp,5.776093333151525
Точка продаж 10,calc_avg_lat,2.385564692089489
Точка продаж 10,calc_avg_lon,2.1333736160241124
Точка продаж 10,calc_avg_boarding_time,7.320210787523229
Точка продаж 10,calc_avg_delay_time,4.496508305419794
Точка продаж 10,calc_avg_departure_gate,3.372921964458291
Точка продаж 10,calc_min_departure_gate,0.2792590285799634
Точка продаж 10,calc_max_departure_gate,1.6283310483367863
Точка продаж 10,calc_elev1C_departure_gate,0.0
Точка продаж 10,calc_elev2C_departure_gate,0.07838482939950736
Точка продаж 10,calc_elev3C_departure_gate,0.13187129480695972
Точка продаж 10,calc_elev1B_departure_gate,1.4904188899066764
Точка продаж 10,calc_elev2B_departure_gate,0.26061533169847834
Точка продаж 10,calc_elev3B_departure_gate,1.9994868587837384
Точка продаж 19,day_of_week,1.4864645762753654
Точка продаж 19,day_of_year,1.8208817622185836
Точка продаж 19,day,2.9963885634114678
Точка продаж 19,month,0.0
Точка продаж 19,hour,32.83727909255502
Точка продаж 19,minutes,0.7472099205135211
Точка продаж 19,mean_revenue,0.0
Точка продаж 19,is_weekend,0.7251324304657618
Точка продаж 19,SVO_temp,5.678660965798214
Точка продаж 19,SVO_wind,0.6403969443615972
Точка продаж 19,SVO_visibility,0.12966022196223656
Точка продаж 19,SVO_sky_coverage,1.1227069214312688
Точка продаж 19,int_point,0.0
Точка продаж 19,count_flights,2.8057753356546677
Точка продаж 19,count_B_flights,1.7445182472497989
Точка продаж 19,count_C_flights,0.970363275353843
Точка продаж 19,count_SU_flights,0.9165386277383097
Точка продаж 19,count_FV_flights,2.6718483223358653
Точка продаж 19,count_domestic_flights,1.339220253007386
Точка продаж 19,count_international_flights,1.5584383705333515
Точка продаж 19,calc_sum_seats,0.7280061946399732
Точка продаж 19,calc_sum_seats_c,2.8000212846873476
Точка продаж 19,calc_sum_seats_w,6.139529514678632
Точка продаж 19,calc_sum_seats_y,1.5524301846607553
Точка продаж 19,calc_avg_distance,2.7225350242792388
Точка продаж 19,calc_avg_temp,1.6446349449845785
Точка продаж 19,calc_avg_lat,2.9711449776968113
Точка продаж 19,calc_avg_lon,1.7530523117813792
Точка продаж 19,calc_avg_boarding_time,5.855219198586692
Точка продаж 19,calc_avg_delay_time,3.73503774401956
Точка продаж 19,calc_avg_departure_gate,3.849809058922511
Точка продаж 19,calc_min_departure_gate,0.6599949563787528
Точка продаж 19,calc_max_departure_gate,0.6903872260539266
Точка продаж 19,calc_elev1C_departure_gate,0.1377769268057387
Точка продаж 19,calc_elev2C_departure_gate,0.1535451381412542
Точка продаж 19,calc_elev3C_departure_gate,0.3001640219185487
Точка продаж 19,calc_elev1B_departure_gate,0.7130719759250741
Точка продаж 19,calc_elev2B_departure_gate,1.7026015292448111
Точка продаж 19,calc_elev3B_departure_gate,1.6995539557281378
Точка продаж 24,day_of_week,2.9538708569188987
Точка продаж 24,day_of_year,1.8349745010240939
Точка продаж 24,day,2.0607425538354054
Точка продаж 24,month,0.0
Точка продаж 24,hour,24.60675155921254
Точка продаж 24,minutes,0.5170443994321882
Точка продаж 24,mean_revenue,0.0
Точка продаж 24,is_weekend,0.5359064592167253
Точка продаж 24,SVO_temp,5.638279055309206
Точка продаж 24,SVO_wind,4.865166394482988
Точка продаж 24,SVO_visibility,0.06803870078229449
Точка продаж 24,SVO_sky_coverage,0.6497349127295315
Точка продаж 24,int_point,0.0
Точка продаж 24,count_flights,0.23938816408734226
Точка продаж 24,count_B_flights,0.3602437845657201
Точка продаж 24,count_C_flights,2.0505159486776674
Точка продаж 24,count_SU_flights,0.8762365630240992
Точка продаж 24,count_FV_flights,1.9336912432946927
Точка продаж 24,count_domestic_flights,0.619184663585544
Точка продаж 24,count_international_flights,0.7907813557562501
Точка продаж 24,calc_sum_seats,3.126841962776632
Точка продаж 24,calc_sum_seats_c,1.9290247161248262
Точка продаж 24,calc_sum_seats_w,0.5892778448136069
Точка продаж 24,calc_sum_seats_y,2.573066381019817
Точка продаж 24,calc_avg_distance,6.020368458776686
Точка продаж 24,calc_avg_temp,6.7247288735888135
Точка продаж 24,calc_avg_lat,2.9141331541647943
Точка продаж 24,calc_avg_lon,5.983002721799561
Точка продаж 24,calc_avg_boarding_time,5.533197176483338
Точка продаж 24,calc_avg_delay_time,2.1669643994805834
Точка продаж 24,calc_avg_departure_gate,4.323232987181179
Точка продаж 24,calc_min_departure_gate,1.6740415071682953
Точка продаж 24,calc_max_departure_gate,2.523600262798854
Точка продаж 24,calc_elev1C_departure_gate,0.0
Точка продаж 24,calc_elev2C_departure_gate,0.2741189617311809
Точка продаж 24,calc_elev3C_departure_gate,0.18293855423460448
Точка продаж 24,calc_elev1B_departure_gate,0.9985015585115904
Точка продаж 24,calc_elev2B_departure_gate,0.7880014728684341
Точка продаж 24,calc_elev3B_departure_gate,1.0744078905420138
Точка продаж 2,day_of_week,5.866994443752018
Точка продаж 2,day_of_year,1.706150964225592
Точка продаж 2,day,8.314227734416246
Точка продаж 2,month,0.0
Точка продаж 2,hour,9.89831768221089
Точка продаж 2,minutes,1.766254208258579
Точка продаж 2,mean_revenue,0.0
Точка продаж 2,is_weekend,3.9955697517605415
Точка продаж 2,SVO_temp,1.349403830114423
Точка продаж 2,SVO_wind,2.6044769447038165
Точка продаж 2,SVO_visibility,0.15973686920657723
Точка продаж 2,SVO_sky_coverage,1.1951350855847476
Точка продаж 2,int_point,0.0
Точка продаж 2,count_flights,1.537071928345799
Точка продаж 2,count_B_flights,1.0884499492776931
Точка продаж 2,count_C_flights,4.80616765698246
Точка продаж 2,count_SU_flights,0.49453634351254
Точка продаж 2,count_FV_flights,0.9129141320269637
Точка продаж 2,count_domestic_flights,1.3680715801380046
Точка продаж 2,count_international_flights,3.0075022388319166
Точка продаж 2,calc_sum_seats,1.1050747449320406
Точка продаж 2,calc_sum_seats_c,2.6192304546989873
Точка продаж 2,calc_sum_seats_w,0.5263265305077761
Точка продаж 2,calc_sum_seats_y,3.431400514344781
Точка продаж 2,calc_avg_distance,3.450856834901326
Точка продаж 2,calc_avg_temp,3.5397196063366145
Точка продаж 2,calc_avg_lat,5.409371089708028
Точка продаж 2,calc_avg_lon,3.9394711565226403
Точка продаж 2,calc_avg_boarding_time,3.590276120752489
Точка продаж 2,calc_avg_delay_time,6.26147583570313
Точка продаж 2,calc_avg_departure_gate,6.828601903141124
Точка продаж 2,calc_min_departure_gate,0.2599518737557525
Точка продаж 2,calc_max_departure_gate,0.9439707681974874
Точка продаж 2,calc_elev1C_departure_gate,0.3310997916019929
Точка продаж 2,calc_elev2C_departure_gate,1.193656251924951
Точка продаж 2,calc_elev3C_departure_gate,1.0631234436882187
Точка продаж 2,calc_elev1B_departure_gate,1.117537067675224
Точка продаж 2,calc_elev2B_departure_gate,0.19361299015426794
Точка продаж 2,calc_elev3B_departure_gate,4.12426167810436
Точка продаж 4,day_of_week,1.6526774923126288
Точка продаж 4,day_of_year,3.5345179313953836
Точка продаж 4,day,3.1193560792560215
Точка продаж 4,month,0.0
Точка продаж 4,hour,34.1791423421365
Точка продаж 4,minutes,0.6804210717174354
Точка продаж 4,mean_revenue,0.0
Точка продаж 4,is_weekend,0.0
Точка продаж 4,SVO_temp,4.800657256406214
Точка продаж 4,SVO_wind,1.593210809955576
Точка продаж 4,SVO_visibility,0.1539882961043173
Точка продаж 4,SVO_sky_coverage,0.1093498721561069
Точка продаж 4,int_point,0.0
Точка продаж 4,count_flights,1.3908213921739587
Точка продаж 4,count_B_flights,0.6948582599347967
Точка продаж 4,count_C_flights,1.1568991948197873
Точка продаж 4,count_SU_flights,0.5569646292884699
Точка продаж 4,count_FV_flights,0.0
Точка продаж 4,count_domestic_flights,1.366871303336681
Точка продаж 4,count_international_flights,2.9620474847801215
Точка продаж 4,calc_sum_seats,0.0
Точка продаж 4,calc_sum_seats_c,2.9530493289374453
Точка продаж 4,calc_sum_seats_w,4.1444309153848495
Точка продаж 4,calc_sum_seats_y,1.445918181069868
Точка продаж 4,calc_avg_distance,1.2807404459564087
Точка продаж 4,calc_avg_temp,3.8079566878001696
Точка продаж 4,calc_avg_lat,0.6965654298912495
Точка продаж 4,calc_avg_lon,6.807121466103421
Точка продаж 4,calc_avg_boarding_time,8.196455710670923
Точка продаж 4,calc_avg_delay_time,2.553962115659737
Точка продаж 4,calc_avg_departure_gate,2.819459501467414
Точка продаж 4,calc_min_departure_gate,0.9459201683500026
Точка продаж 4,calc_max_departure_gate,0.45370091781304894
Точка продаж 4,calc_elev1C_departure_gate,0.5938327942244221
Точка продаж 4,calc_elev2C_departure_gate,0.31442112697336533
Точка продаж 4,calc_elev3C_departure_gate,0.0
Точка продаж 4,calc_elev1B_departure_gate,0.7328368512182405
Точка продаж 4,calc_elev2B_departure_gate,2.174177628259239
Точка продаж 4,calc_elev3B_departure_gate,2.127667314446216
Точка продаж 9,day_of_week,5.735078073901751
Точка продаж 9,day_of_year,4.41321564821023
Точка продаж 9,day,3.7469012883770954
Точка продаж 9,month,0.0
Точка продаж 9,hour,16.473300536097838
Точка продаж 9,minutes,0.8902875932205634
Точка продаж 9,mean_revenue,0.0
Точка продаж 9,is_weekend,0.6931364603734621
Точка продаж 9,SVO_temp,5.456249207949114
Точка продаж 9,SVO_wind,2.1477626631916302
Точка продаж 9,SVO_visibility,0.12911392253493398
Точка продаж 9,SVO_sky_coverage,0.6745542665020666
Точка продаж 9,int_point,0.0
Точка продаж 9,count_flights,1.0547549419608129
Точка продаж 9,count_B_flights,6.129693154093512
Точка продаж 9,count_C_flights,1.4512811946958095
Точка продаж 9,count_SU_flights,1.3515951259532013
Точка продаж 9,count_FV_flights,2.4850157346030417
Точка продаж 9,count_domestic_flights,3.981429357198905
Точка продаж 9,count_international_flights,1.2607923477366068
Точка продаж 9,calc_sum_seats,2.8590314075539234
Точка продаж 9,calc_sum_seats_c,5.876541612269057
Точка продаж 9,calc_sum_seats_w,1.0805591115823572
Точка продаж 9,calc_sum_seats_y,0.80046506702663
Точка продаж 9,calc_avg_distance,2.308104399473435
Точка продаж 9,calc_avg_temp,2.1163884812564753
Точка продаж 9,calc_avg_lat,4.214909866325394
Точка продаж 9,calc_avg_lon,4.258580909954975
Точка продаж 9,calc_avg_boarding_time,5.384635823894293
Точка продаж 9,calc_avg_delay_time,2.4388981596924277
Точка продаж 9,calc_avg_departure_gate,4.808415341452308
Точка продаж 9,calc_min_departure_gate,1.7045594878012396
Точка продаж 9,calc_max_departure_gate,0.8108755346808952
Точка продаж 9,calc_elev1C_departure_gate,0.08065098769293141
Точка продаж 9,calc_elev2C_departure_gate,0.20026806132194636
Точка продаж 9,calc_elev3C_departure_gate,0.7025623094277142
Точка продаж 9,calc_elev1B_departure_gate,0.008390176846901456
Точка продаж 9,calc_elev2B_departure_gate,0.8049068317258226
Точка продаж 9,calc_elev3B_departure_gate,1.467094913420706
Точка продаж 5,day_of_week,0.9787099387894773
Точка продаж 5,day_of_year,0.5974043281017974
Точка продаж 5,day,1.0436086688856439
Точка продаж 5,month,0.0
Точка продаж 5,hour,67.40953842679515
Точка продаж 5,minutes,0.5316317670095596
Точка продаж 5,mean_revenue,0.0
Точка продаж 5,is_weekend,0.9144257333852612
Точка продаж 5,SVO_temp,1.5607190328721745
Точка продаж 5,SVO_wind,0.21814649566010458
Точка продаж 5,SVO_visibility,0.09737351624851712
Точка продаж 5,SVO_sky_coverage,0.4766578272499635
Точка продаж 5,int_point,0.0
Точка продаж 5,count_flights,1.6985802542949697
Точка продаж 5,count_B_flights,1.368872869492812
Точка продаж 5,count_C_flights,3.37237964798221
Точка продаж 5,count_SU_flights,0.3255829925633639
Точка продаж 5,count_FV_flights,0.22483239821291454
Точка продаж 5,count_domestic_flights,0.2891763830790967
Точка продаж 5,count_international_flights,0.5718555230015069
Точка продаж 5,calc_sum_seats,0.37388519546844884
Точка продаж 5,calc_sum_seats_c,1.3023342525014625
Точка продаж 5,calc_sum_seats_w,3.0178830851585237
Точка продаж 5,calc_sum_seats_y,0.5947642461658382
Точка продаж 5,calc_avg_distance,1.7440331069385073
Точка продаж 5,calc_avg_temp,4.151021061516163
Точка продаж 5,calc_avg_lat,0.4921799951034249
Точка продаж 5,calc_avg_lon,0.7907991642127498
Точка продаж 5,calc_avg_boarding_time,2.079953889972061
Точка продаж 5,calc_avg_delay_time,0.6808955875284594
Точка продаж 5,calc_avg_departure_gate,1.5894770167609484
Точка продаж 5,calc_min_departure_gate,0.10708570789663677
Точка продаж 5,calc_max_departure_gate,0.03435438452080373
Точка продаж 5,calc_elev1C_departure_gate,0.0
Точка продаж 5,calc_elev2C_departure_gate,0.08016612273270311
Точка продаж 5,calc_elev3C_departure_gate,0.316413866559906
Точка продаж 5,calc_elev1B_departure_gate,0.04431966271424213
Точка продаж 5,calc_elev2B_departure_gate,0.6748174569177448
Точка продаж 5,calc_elev3B_departure_gate,0.2461203937068536
Точка продаж 25,day_of_week,3.14585059967692
Точка продаж 25,day_of_year,2.7842796971725874
Точка продаж 25,day,3.009488247930137
Точка продаж 25,month,0.0
Точка продаж 25,hour,12.460870185209997
Точка продаж 25,minutes,0.872246368552877
Точка продаж 25,mean_revenue,0.0
Точка продаж 25,is_weekend,0.57579856050239
Точка продаж 25,SVO_temp,3.0177044317132315
Точка продаж 25,SVO_wind,3.980045167840036
Точка продаж 25,SVO_visibility,0.0009985313348241825
Точка продаж 25,SVO_sky_coverage,1.545768173318058
Точка продаж 25,int_point,0.0
Точка продаж 25,count_flights,1.930612846179856
Точка продаж 25,count_B_flights,2.582243424003379
Точка продаж 25,count_C_flights,1.1069786811863453
Точка продаж 25,count_SU_flights,1.1375105600509854
Точка продаж 25,count_FV_flights,1.685970343474059
Точка продаж 25,count_domestic_flights,4.258261997353703
Точка продаж 25,count_international_flights,1.6881492647764682
Точка продаж 25,calc_sum_seats,3.4437284795600887
Точка продаж 25,calc_sum_seats_c,4.213072981621147
Точка продаж 25,calc_sum_seats_w,4.009749281918752
Точка продаж 25,calc_sum_seats_y,1.4068117558701967
Точка продаж 25,calc_avg_distance,4.756206970734289
Точка продаж 25,calc_avg_temp,4.0090523202788315
Точка продаж 25,calc_avg_lat,7.0401793838725215
Точка продаж 25,calc_avg_lon,2.1528329181862715
Точка продаж 25,calc_avg_boarding_time,4.440152639128812
Точка продаж 25,calc_avg_delay_time,5.438041595186297
Точка продаж 25,calc_avg_departure_gate,5.873770322577622
Точка продаж 25,calc_min_departure_gate,0.6145045956431252
Точка продаж 25,calc_max_departure_gate,2.2425659778119997
Точка продаж 25,calc_elev1C_departure_gate,0.13254197379675398
Точка продаж 25,calc_elev2C_departure_gate,0.15955402884007622
Точка продаж 25,calc_elev3C_departure_gate,0.6255474250495782
Точка продаж 25,calc_elev1B_departure_gate,1.277709315734391
Точка продаж 25,calc_elev2B_departure_gate,1.2425046982408257
Точка продаж 25,calc_elev3B_departure_gate,1.1386962556725553
Точка продаж 27,day_of_week,4.00933960142304
Точка продаж 27,day_of_year,0.0
Точка продаж 27,day,9.658412358286526
Точка продаж 27,month,0.0
Точка продаж 27,hour,4.421534170675356
Точка продаж 27,minutes,5.084013360219001
Точка продаж 27,mean_revenue,0.0
Точка продаж 27,is_weekend,0.0
Точка продаж 27,SVO_temp,3.3706784905933844
Точка продаж 27,SVO_wind,0.0
Точка продаж 27,SVO_visibility,0.0
Точка продаж 27,SVO_sky_coverage,0.0
Точка продаж 27,int_point,0.0
Точка продаж 27,count_flights,2.7681756192230993
Точка продаж 27,count_B_flights,4.226235726576602
Точка продаж 27,count_C_flights,1.6370445444078359
Точка продаж 27,count_SU_flights,0.0
Точка продаж 27,count_FV_flights,3.6954574537337175
Точка продаж 27,count_domestic_flights,3.058673540105883
Точка продаж 27,count_international_flights,4.87395404683643
Точка продаж 27,calc_sum_seats,1.0894875563824318
Точка продаж 27,calc_sum_seats_c,3.6332039088679147
Точка продаж 27,calc_sum_seats_w,2.644200465454836
Точка продаж 27,calc_sum_seats_y,1.0567132649266007
Точка продаж 27,calc_avg_distance,4.145720085364621
Точка продаж 27,calc_avg_temp,0.0
Точка продаж 27,calc_avg_lat,2.6120863489878032
Точка продаж 27,calc_avg_lon,1.5117593713563051
Точка продаж 27,calc_avg_boarding_time,14.890917667061792
Точка продаж 27,calc_avg_delay_time,2.9985694566616767
Точка продаж 27,calc_avg_departure_gate,4.101021946936757
Точка продаж 27,calc_min_departure_gate,0.6644236538717166
Точка продаж 27,calc_max_departure_gate,3.211353946702092
Точка продаж 27,calc_elev1C_departure_gate,1.777323595294583
Точка продаж 27,calc_elev2C_departure_gate,0.25789926285623016
Точка продаж 27,calc_elev3C_departure_gate,0.0
Точка продаж 27,calc_elev1B_departure_gate,0.8101053695119637
Точка продаж 27,calc_elev2B_departure_gate,6.1352131776688985
Точка продаж 27,calc_elev3B_departure_gate,1.6564820100129172
Точка продаж 11,day_of_week,1.3960361257553695
Точка продаж 11,day_of_year,8.972215964479682
Точка продаж 11,day,4.234916211266677
Точка продаж 11,month,0.0
Точка продаж 11,hour,2.7996018822834148
Точка продаж 11,minutes,0.0
Точка продаж 11,mean_revenue,0.0
Точка продаж 11,is_weekend,5.838443612326448
Точка продаж 11,SVO_temp,0.0
Точка продаж 11,SVO_wind,1.42129045833274
Точка продаж 11,SVO_visibility,0.0
Точка продаж 11,SVO_sky_coverage,0.0
Точка продаж 11,int_point,0.0
Точка продаж 11,count_flights,1.8313190504524208
Точка продаж 11,count_B_flights,0.0
Точка продаж 11,count_C_flights,2.5419923295599203
Точка продаж 11,count_SU_flights,5.296493327593287
Точка продаж 11,count_FV_flights,0.9714491694712521
Точка продаж 11,count_domestic_flights,0.0
Точка продаж 11,count_international_flights,10.941676019971048
Точка продаж 11,calc_sum_seats,4.568358606682212
Точка продаж 11,calc_sum_seats_c,0.0
Точка продаж 11,calc_sum_seats_w,0.2532741927079401
Точка продаж 11,calc_sum_seats_y,0.0
Точка продаж 11,calc_avg_distance,0.0
Точка продаж 11,calc_avg_temp,6.228239143919654
Точка продаж 11,calc_avg_lat,8.652917089792885
Точка продаж 11,calc_avg_lon,3.5161106725937765
Точка продаж 11,calc_avg_boarding_time,2.995892336726457
Точка продаж 11,calc_avg_delay_time,5.820274661524621
Точка продаж 11,calc_avg_departure_gate,14.376273463538167
Точка продаж 11,calc_min_departure_gate,3.5229074826910876
Точка продаж 11,calc_max_departure_gate,1.5995706728315806
Точка продаж 11,calc_elev1C_departure_gate,0.3321260044316387
Точка продаж 11,calc_elev2C_departure_gate,0.0
Точка продаж 11,calc_elev3C_departure_gate,0.0
Точка продаж 11,calc_elev1B_departure_gate,1.7100782615944172
Точка продаж 11,calc_elev2B_departure_gate,0.0
Точка продаж 11,calc_elev3B_departure_gate,0.17854325947329194
Точка продаж 20,day_of_week,3.869633541536307
Точка продаж 20,day_of_year,4.520568658048811
Точка продаж 20,day,3.5084152609695223
Точка продаж 20,month,0.0
Точка продаж 20,hour,2.531735861589568
Точка продаж 20,minutes,1.2500546899332938
Точка продаж 20,mean_revenue,0.0
Точка продаж 20,is_weekend,2.2575747044781562
Точка продаж 20,SVO_temp,1.232714593831726
Точка продаж 20,SVO_wind,1.3275062066539431
Точка продаж 20,SVO_visibility,0.034758639824239476
Точка продаж 20,SVO_sky_coverage,0.0
Точка продаж 20,int_point,0.0
Точка продаж 20,count_flights,0.9457378594829396
Точка продаж 20,count_B_flights,0.0
Точка продаж 20,count_C_flights,3.175612969745022
Точка продаж 20,count_SU_flights,1.217239715047337
Точка продаж 20,count_FV_flights,11.66621546432869
Точка продаж 20,count_domestic_flights,0.0024343248634809763
Точка продаж 20,count_international_flights,4.052903297844509
Точка продаж 20,calc_sum_seats,2.517282891256844
Точка продаж 20,calc_sum_seats_c,1.9027044928813013
Точка продаж 20,calc_sum_seats_w,1.4841931779041966
Точка продаж 20,calc_sum_seats_y,1.5430589969715611
Точка продаж 20,calc_avg_distance,1.6505540755079045
Точка продаж 20,calc_avg_temp,1.4398391804760802
Точка продаж 20,calc_avg_lat,5.369809298819328
Точка продаж 20,calc_avg_lon,11.539502158697532
Точка продаж 20,calc_avg_boarding_time,6.256595520103749
Точка продаж 20,calc_avg_delay_time,2.997928784663264
Точка продаж 20,calc_avg_departure_gate,7.061145794123681
Точка продаж 20,calc_min_departure_gate,1.600189002793056
Точка продаж 20,calc_max_departure_gate,4.525060391898647
Точка продаж 20,calc_elev1C_departure_gate,0.04673031755600453
Точка продаж 20,calc_elev2C_departure_gate,0.0
Точка продаж 20,calc_elev3C_departure_gate,1.7445351347239362
Точка продаж 20,calc_elev1B_departure_gate,2.529601053527482
Точка продаж 20,calc_elev2B_departure_gate,1.912781235259154
Точка продаж 20,calc_elev3B_departure_gate,2.285382704658745
Точка продаж 18,day_of_week,0.0
Точка продаж 18,day_of_year,0.0
Точка продаж 18,day,0.0
Точка продаж 18,month,0.0
Точка продаж 18,hour,0.0
Точка продаж 18,minutes,0.0
Точка продаж 18,mean_revenue,0.0
Точка продаж 18,is_weekend,0.0
Точка продаж 18,SVO_temp,0.0
Точка продаж 18,SVO_wind,0.0
Точка продаж 18,SVO_visibility,0.0
Точка продаж 18,SVO_sky_coverage,0.0
Точка продаж 18,int_point,0.0
Точка продаж 18,count_flights,0.0
Точка продаж 18,count_B_flights,9.556736387271211
Точка продаж 18,count_C_flights,18.335027294384332
Точка продаж 18,count_SU_flights,31.649508938502827
Точка продаж 18,count_FV_flights,0.0
Точка продаж 18,count_domestic_flights,0.0
Точка продаж 18,count_international_flights,0.08642563404233095
Точка продаж 18,calc_sum_seats,0.0
Точка продаж 18,calc_sum_seats_c,0.0
Точка продаж 18,calc_sum_seats_w,1.8466678265108658
Точка продаж 18,calc_sum_seats_y,25.457591854521073
Точка продаж 18,calc_avg_distance,0.0
Точка продаж 18,calc_avg_temp,0.0
Точка продаж 18,calc_avg_lat,0.0
Точка продаж 18,calc_avg_lon,0.0
Точка продаж 18,calc_avg_boarding_time,0.0
Точка продаж 18,calc_avg_delay_time,0.0
Точка продаж 18,calc_avg_departure_gate,0.0
Точка продаж 18,calc_min_departure_gate,1.3750912364798147
Точка продаж 18,calc_max_departure_gate,0.0
Точка продаж 18,calc_elev1C_departure_gate,0.0
Точка продаж 18,calc_elev2C_departure_gate,2.7143491764798586
Точка продаж 18,calc_elev3C_departure_gate,0.0
Точка продаж 18,calc_elev1B_departure_gate,0.0
Точка продаж 18,calc_elev2B_departure_gate,0.0
Точка продаж 18,calc_elev3B_departure_gate,8.978601651807683
Точка продаж 14,day_of_week,0.0
Точка продаж 14,day_of_year,28.997381257248485
Точка продаж 14,day,0.0
Точка продаж 14,month,0.0
Точка продаж 14,hour,0.0
Точка продаж 14,minutes,0.0
Точка продаж 14,mean_revenue,0.0
Точка продаж 14,is_weekend,0.0
Точка продаж 14,SVO_temp,0.0
Точка продаж 14,SVO_wind,0.0
Точка продаж 14,SVO_visibility,0.0
Точка продаж 14,SVO_sky_coverage,0.0
Точка продаж 14,int_point,0.0
Точка продаж 14,count_flights,23.719312161663588
Точка продаж 14,count_B_flights,0.0
Точка продаж 14,count_C_flights,0.055901555311653375
Точка продаж 14,count_SU_flights,0.0
Точка продаж 14,count_FV_flights,0.0
Точка продаж 14,count_domestic_flights,0.0
Точка продаж 14,count_international_flights,0.0
Точка продаж 14,calc_sum_seats,0.0
Точка продаж 14,calc_sum_seats_c,18.75018366095123
Точка продаж 14,calc_sum_seats_w,0.0
Точка продаж 14,calc_sum_seats_y,0.0
Точка продаж 14,calc_avg_distance,0.0
Точка продаж 14,calc_avg_temp,0.0
Точка продаж 14,calc_avg_lat,0.0
Точка продаж 14,calc_avg_lon,0.0
Точка продаж 14,calc_avg_boarding_time,0.0
Точка продаж 14,calc_avg_delay_time,0.0
Точка продаж 14,calc_avg_departure_gate,3.627708792014249
Точка продаж 14,calc_min_departure_gate,0.0
Точка продаж 14,calc_max_departure_gate,0.0
Точка продаж 14,calc_elev1C_departure_gate,0.0
Точка продаж 14,calc_elev2C_departure_gate,0.0
Точка продаж 14,calc_elev3C_departure_gate,0.0
Точка продаж 14,calc_elev1B_departure_gate,0.0
Точка продаж 14,calc_elev2B_departure_gate,0.0
Точка продаж 14,calc_elev3B_departure_gate,24.849512572810816
Точка продаж 29,day_of_week,0.02044252453581361
Точка продаж 29,day_of_year,21.395825199556974
Точка продаж 29,day,35.62056139544872
Точка продаж 29,month,0.0
Точка продаж 29,hour,0.20881863257530087
Точка продаж 29,minutes,0.6585054009654605
Точка продаж 29,mean_revenue,0.0
Точка продаж 29,is_weekend,0.0
Точка продаж 29,SVO_temp,2.0480282952955067
Точка продаж 29,SVO_wind,0.15464149602830976
Точка продаж 29,SVO_visibility,0.0004142646889084598
Точка продаж 29,SVO_sky_coverage,0.10790145836786963
Точка продаж 29,int_point,0.0
Точка продаж 29,count_flights,0.04635138073775965
Точка продаж 29,count_B_flights,0.07606485819399332
Точка продаж 29,count_C_flights,2.1385228910063216
Точка продаж 29,count_SU_flights,0.0191305793100191
Точка продаж 29,count_FV_flights,0.21587711262740208
Точка продаж 29,count_domestic_flights,0.7524374620180706
Точка продаж 29,count_international_flights,2.2683312618908538
Точка продаж 29,calc_sum_seats,0.897752714510268
Точка продаж 29,calc_sum_seats_c,0.049796037570156826
Точка продаж 29,calc_sum_seats_w,4.697367137619747
Точка продаж 29,calc_sum_seats_y,1.4111039470961508
Точка продаж 29,calc_avg_distance,2.3936517003823234
Точка продаж 29,calc_avg_temp,0.3857396865661166
Точка продаж 29,calc_avg_lat,2.9126952165550506
Точка продаж 29,calc_avg_lon,0.061508621657866684
Точка продаж 29,calc_avg_boarding_time,10.228118567364906
Точка продаж 29,calc_avg_delay_time,1.2408865096566304
Точка продаж 29,calc_avg_departure_gate,0.39200673435326877
Точка продаж 29,calc_min_departure_gate,3.6163801832050093
Точка продаж 29,calc_max_departure_gate,0.6846327231803223
Точка продаж 29,calc_elev1C_departure_gate,0.0
Точка продаж 29,calc_elev2C_departure_gate,0.0
Точка продаж 29,calc_elev3C_departure_gate,1.1307683472134433
Точка продаж 29,calc_elev1B_departure_gate,0.5269103127432191
Точка продаж 29,calc_elev2B_departure_gate,2.371880709735644
Точка продаж 29,calc_elev3B_departure_gate,1.2669466373425937
Точка продаж 21,day_of_week,9.893417583148404
Точка продаж 21,day_of_year,5.629700345109414
Точка продаж 21,day,6.324452345191141
Точка продаж 21,month,0.0
Точка продаж 21,hour,13.336095061823636
Точка продаж 21,minutes,1.29296370753518
Точка продаж 21,mean_revenue,0.0
Точка продаж 21,is_weekend,0.0
Точка продаж 21,SVO_temp,1.0541278299044112
Точка продаж 21,SVO_wind,1.9151500085771207
Точка продаж 21,SVO_visibility,0.10862458998099866
Точка продаж 21,SVO_sky_coverage,1.5521071152574568
Точка продаж 21,int_point,0.0
Точка продаж 21,count_flights,1.6881283653982269
Точка продаж 21,count_B_flights,0.9738726147742289
Точка продаж 21,count_C_flights,0.2486402958883603
Точка продаж 21,count_SU_flights,0.2661037198981699
Точка продаж 21,count_FV_flights,0.0
Точка продаж 21,count_domestic_flights,2.42764123285934
Точка продаж 21,count_international_flights,2.0590314666834186
Точка продаж 21,calc_sum_seats,1.6507737014011619
Точка продаж 21,calc_sum_seats_c,1.2190585608883218
Точка продаж 21,calc_sum_seats_w,3.0113559273923802
Точка продаж 21,calc_sum_seats_y,0.893474277637983
Точка продаж 21,calc_avg_distance,1.8426516788227054
Точка продаж 21,calc_avg_temp,5.8729600459846
Точка продаж 21,calc_avg_lat,3.0828575378573255
Точка продаж 21,calc_avg_lon,5.199446695206358
Точка продаж 21,calc_avg_boarding_time,4.9498472714019615
Точка продаж 21,calc_avg_delay_time,2.944261809067978
Точка продаж 21,calc_avg_departure_gate,2.9104562150750932
Точка продаж 21,calc_min_departure_gate,0.0
Точка продаж 21,calc_max_departure_gate,5.95947643729335
Точка продаж 21,calc_elev1C_departure_gate,0.0
Точка продаж 21,calc_elev2C_departure_gate,1.4805924422157768
Точка продаж 21,calc_elev3C_departure_gate,3.744179637128217
Точка продаж 21,calc_elev1B_departure_gate,0.540565574347776
Точка продаж 21,calc_elev2B_departure_gate,5.916421625670174
Точка продаж 21,calc_elev3B_departure_gate,0.011564280579357109
Точка продаж 6,day_of_week,5.00730584935583
Точка продаж 6,day_of_year,5.87690739948412
Точка продаж 6,day,6.7161900601976665
Точка продаж 6,month,0.0
Точка продаж 6,hour,3.2324049915598456
Точка продаж 6,minutes,0.74521917967046
Точка продаж 6,mean_revenue,0.0
Точка продаж 6,is_weekend,0.0
Точка продаж 6,SVO_temp,5.285023824054766
Точка продаж 6,SVO_wind,0.5820291866858377
Точка продаж 6,SVO_visibility,0.03733308454927978
Точка продаж 6,SVO_sky_coverage,2.0436399171580257
Точка продаж 6,int_point,0.0
Точка продаж 6,count_flights,1.520944119053814
Точка продаж 6,count_B_flights,1.0823646221575536
Точка продаж 6,count_C_flights,4.1626427929894065
Точка продаж 6,count_SU_flights,0.29232652464962944
Точка продаж 6,count_FV_flights,1.036583939865886
Точка продаж 6,count_domestic_flights,4.717284940495437
Точка продаж 6,count_international_flights,0.0
Точка продаж 6,calc_sum_seats,0.0
Точка продаж 6,calc_sum_seats_c,0.8351987948581352
Точка продаж 6,calc_sum_seats_w,3.6948513982719677
Точка продаж 6,calc_sum_seats_y,1.3904760369438511
Точка продаж 6,calc_avg_distance,0.5720966618009978
Точка продаж 6,calc_avg_temp,5.600696265793109
Точка продаж 6,calc_avg_lat,11.621215642746872
Точка продаж 6,calc_avg_lon,0.8274873154308047
Точка продаж 6,calc_avg_boarding_time,13.515306928263314
Точка продаж 6,calc_avg_delay_time,5.879832289772423
Точка продаж 6,calc_avg_departure_gate,2.9006458635391366
Точка продаж 6,calc_min_departure_gate,3.86289938830128
Точка продаж 6,calc_max_departure_gate,1.7863112994082049
Точка продаж 6,calc_elev1C_departure_gate,0.0
Точка продаж 6,calc_elev2C_departure_gate,0.4265210940278596
Точка продаж 6,calc_elev3C_departure_gate,1.535979683688487
Точка продаж 6,calc_elev1B_departure_gate,1.272215729075082
Точка продаж 6,calc_elev2B_departure_gate,0.0
Точка продаж 6,calc_elev3B_departure_gate,1.9400651761508811
Точка продаж 26,day_of_week,0.0
Точка продаж 26,day_of_year,0.0
Точка продаж 26,day,0.0
Точка продаж 26,month,0.0
Точка продаж 26,hour,0.0
Точка продаж 26,minutes,0.0
Точка продаж 26,mean_revenue,0.0
Точка продаж 26,is_weekend,0.0
Точка продаж 26,SVO_temp,18.511828687268654
Точка продаж 26,SVO_wind,0.0
Точка продаж 26,SVO_visibility,0.0
Точка продаж 26,SVO_sky_coverage,0.0
Точка продаж 26,int_point,0.0
Точка продаж 26,count_flights,0.0
Точка продаж 26,count_B_flights,0.0
Точка продаж 26,count_C_flights,5.9766148130114924
Точка продаж 26,count_SU_flights,0.0
Точка продаж 26,count_FV_flights,0.0
Точка продаж 26,count_domestic_flights,0.0
Точка продаж 26,count_international_flights,0.0
Точка продаж 26,calc_sum_seats,0.0
Точка продаж 26,calc_sum_seats_c,0.0
Точка продаж 26,calc_sum_seats_w,0.0
Точка продаж 26,calc_sum_seats_y,0.0
Точка продаж 26,calc_avg_distance,0.0
Точка продаж 26,calc_avg_temp,0.0
Точка продаж 26,calc_avg_lat,0.0
Точка продаж 26,calc_avg_lon,46.92863722758542
Точка продаж 26,calc_avg_boarding_time,0.0
Точка продаж 26,calc_avg_delay_time,0.0
Точка продаж 26,calc_avg_departure_gate,15.597630684122047
Точка продаж 26,calc_min_departure_gate,0.0
Точка продаж 26,calc_max_departure_gate,0.0
Точка продаж 26,calc_elev1C_departure_gate,0.0
Точка продаж 26,calc_elev2C_departure_gate,0.0
Точка продаж 26,calc_elev3C_departure_gate,0.0
Точка продаж 26,calc_elev1B_departure_gate,0.0
Точка продаж 26,calc_elev2B_departure_gate,12.985288588012384
Точка продаж 26,calc_elev3B_departure_gate,0.0
Точка продаж 15,day_of_week,4.233352870175385
Точка продаж 15,day_of_year,1.6583394861683143
Точка продаж 15,day,4.878935623979797
Точка продаж 15,month,0.0
Точка продаж 15,hour,4.836075085666976
Точка продаж 15,minutes,0.532238325253863
Точка продаж 15,mean_revenue,0.0
Точка продаж 15,is_weekend,0.0
Точка продаж 15,SVO_temp,0.27705378343652237
Точка продаж 15,SVO_wind,0.8476449813653726
Точка продаж 15,SVO_visibility,0.1948132726884341
Точка продаж 15,SVO_sky_coverage,1.6423937237993083
Точка продаж 15,int_point,0.0
Точка продаж 15,count_flights,1.863510059557316
Точка продаж 15,count_B_flights,1.506783126930674
Точка продаж 15,count_C_flights,0.5276687155087708
Точка продаж 15,count_SU_flights,1.6857168728170084
Точка продаж 15,count_FV_flights,3.825449530136431
Точка продаж 15,count_domestic_flights,5.863482989922019
Точка продаж 15,count_international_flights,2.1143808825035926
Точка продаж 15,calc_sum_seats,2.7963825586237268
Точка продаж 15,calc_sum_seats_c,9.836386699598215
Точка продаж 15,calc_sum_seats_w,0.7373607888650191
Точка продаж 15,calc_sum_seats_y,3.3887204803279287
Точка продаж 15,calc_avg_distance,4.08793210765427
Точка продаж 15,calc_avg_temp,1.9311905590689018
Точка продаж 15,calc_avg_lat,3.6538468142394933
Точка продаж 15,calc_avg_lon,2.8668137140384062
Точка продаж 15,calc_avg_boarding_time,11.548646265364845
Точка продаж 15,calc_avg_delay_time,2.6974789000754376
Точка продаж 15,calc_avg_departure_gate,2.807806493587326
Точка продаж 15,calc_min_departure_gate,0.0
Точка продаж 15,calc_max_departure_gate,5.695109733766891
Точка продаж 15,calc_elev1C_departure_gate,0.49593088761477877
Точка продаж 15,calc_elev2C_departure_gate,4.399046033733238
Точка продаж 15,calc_elev3C_departure_gate,1.0718073842616636
Точка продаж 15,calc_elev1B_departure_gate,0.0
Точка продаж 15,calc_elev2B_departure_gate,3.4747558653809003
Точка продаж 15,calc_elev3B_departure_gate,2.022945383889184
Точка продаж 17,day_of_week,0.0
Точка продаж 17,day_of_year,0.0
Точка продаж 17,day,5.507511650602892
Точка продаж 17,month,0.0
Точка продаж 17,hour,14.979422898523296
Точка продаж 17,minutes,0.0
Точка продаж 17,mean_revenue,0.0
Точка продаж 17,is_weekend,0.0
Точка продаж 17,SVO_temp,0.0
Точка продаж 17,SVO_wind,6.271950491012728
Точка продаж 17,SVO_visibility,0.0
Точка продаж 17,SVO_sky_coverage,0.0
Точка продаж 17,int_point,0.0
Точка продаж 17,count_flights,4.927162225199692
Точка продаж 17,count_B_flights,2.069337426113604
Точка продаж 17,count_C_flights,0.20879807807742454
Точка продаж 17,count_SU_flights,1.8498704605749345
Точка продаж 17,count_FV_flights,0.0
Точка продаж 17,count_domestic_flights,0.0
Точка продаж 17,count_international_flights,7.090872843211272
Точка продаж 17,calc_sum_seats,0.0
Точка продаж 17,calc_sum_seats_c,1.939311846944735
Точка продаж 17,calc_sum_seats_w,0.23132294189941732
Точка продаж 17,calc_sum_seats_y,0.0
Точка продаж 17,calc_avg_distance,9.303341457331456
Точка продаж 17,calc_avg_temp,13.142974039986555
Точка продаж 17,calc_avg_lat,0.0
Точка продаж 17,calc_avg_lon,0.0
Точка продаж 17,calc_avg_boarding_time,15.65815685422131
Точка продаж 17,calc_avg_delay_time,8.61700506605344
Точка продаж 17,calc_avg_departure_gate,4.241930176994955
Точка продаж 17,calc_min_departure_gate,0.0
Точка продаж 17,calc_max_departure_gate,0.0
Точка продаж 17,calc_elev1C_departure_gate,3.9610315432523002
Точка продаж 17,calc_elev2C_departure_gate,0.0
Точка продаж 17,calc_elev3C_departure_gate,0.0
Точка продаж 17,calc_elev1B_departure_gate,0.0
Точка продаж 17,calc_elev2B_departure_gate,0.0
Точка продаж 17,calc_elev3B_departure_gate,0.0
